Event name,Start,End,Venue,Category,Link
Old Town Walls Guided Walk,{{iso:D+0 11:00}},{{iso:D+0 12:30}},Bargate,Walks and tours,https://www.visitsouthampton.co.uk/events/
Evening Jazz on Guildhall Square,{{iso:D+0 18:30}},{{iso:D+0 21:00}},Guildhall Square,Music,https://www.visitsouthampton.co.uk/events/
Musical Theatre Gala,{{iso:D+0 19:30}},{{iso:D+0 22:00}},Mayflower Theatre,Theatre,https://www.visitsouthampton.co.uk/events/
Kids' Castle Crafts,{{iso:D+0 13:00}},{{iso:D+0 16:00}},Tudor House,Family,https://www.visitsouthampton.co.uk/events/
Curator's Lunchtime Talk,{{iso:D+1 13:00}},{{iso:D+1 13:45}},Southampton City Art Gallery,Talks,https://www.visitsouthampton.co.uk/events/
Tudor Kitchen Garden Tour,{{iso:D+2 14:00}},{{iso:D+2 15:00}},Tudor House,Walks and tours,https://www.visitsouthampton.co.uk/events/
Harbour Sea Shanty Session,{{iso:D+2 19:00}},{{iso:D+2 21:00}},Town Quay,Music,https://www.visitsouthampton.co.uk/events/
Oxford Street Food Evening,{{iso:D+3 17:00}},{{iso:D+3 21:00}},Oxford Street,Food and drink,https://www.visitsouthampton.co.uk/events/
"Titanic Memorial Heritage Walk, East Park",{{iso:D+4 10:00}},{{iso:D+4 11:30}},East Park,Walks and tours,https://www.visitsouthampton.co.uk/events/
Bedford Place Late Night Shopping,{{iso:D+5 17:00}},{{iso:D+5 20:00}},Bedford Place,Markets and shopping,https://www.visitsouthampton.co.uk/events/
Maritime Model Makers Fair,{{iso:D+6 10:00}},{{iso:D+6 16:00}},SeaCity Museum,Exhibitions,https://www.visitsouthampton.co.uk/events/
Past Event Test Listing,{{iso:D-3 10:00}},{{iso:D-3 12:00}},Bargate,Walks and tours,https://www.visitsouthampton.co.uk/events/
